Zip Code,2023,2024,YoY Change,%change
89061,1,1,0,0
90001,295,449,154,0.522033898
90002,253,396,143,0.565217391
90003,318,507,189,0.594339623
90004,1775,2241,466,0.262535211
90005,1045,1452,407,0.389473684
90006,692,992,300,0.433526012
90007,361,571,210,0.581717452
90008,912,1248,336,0.368421053
90009,15,21,6,0.4
90010,595,656,61,0.102521008
90011,458,703,245,0.534934498
90012,1611,2202,591,0.366852886
90013,525,619,94,0.179047619
90014,364,442,78,0.214285714
90015,954,1273,319,0.334381551
90016,1224,1669,445,0.363562092
90017,825,1083,258,0.312727273
90018,838,1130,292,0.348448687
90019,1991,2527,536,0.269211452
90020,951,1266,315,0.331230284
90021,230,311,81,0.352173913
90022,417,618,201,0.482014388
90023,301,414,113,0.375415282
90024,2293,2780,487,0.212385521
90025,2849,3524,675,0.236925237
90026,2051,2504,453,0.220867869
90027,2195,2679,484,0.220501139
90028,1136,1604,468,0.411971831
90029,604,799,195,0.322847682
90030,0,2,2,NaN
90031,786,987,201,0.255725191
90032,957,1235,278,0.290491118
90033,320,415,95,0.296875
90034,2482,3192,710,0.286059629
90035,1653,2235,582,0.352087114
90036,2280,2844,564,0.247368421
90037,337,533,196,0.581602374
90038,799,1077,278,0.347934919
90039,1808,2122,314,0.173672566
90040,232,300,68,0.293103448
90041,1316,1571,255,0.193768997
90042,1970,2343,373,0.189340102
90043,1220,1631,411,0.336885246
90044,528,822,294,0.556818182
90045,12575,16532,3957,0.314671968
90046,3357,4086,729,0.217158177
90047,757,1100,343,0.453104359
90048,1578,2037,459,0.290874525
90049,4177,5044,867,0.207565238
90050,2,2,0,0
90051,5,6,1,0.2
90053,4,5,1,0.25
90054,0,3,3,NaN
90055,1,1,0,0
90056,580,709,129,0.222413793
90057,456,611,155,0.339912281
90058,179,203,24,0.134078212
90059,278,443,165,0.59352518
90060,0,1,1,NaN
90061,217,310,93,0.428571429
90062,355,546,191,0.538028169
90063,696,998,302,0.433908046
90064,2524,3192,668,0.264659271
90065,1994,2488,494,0.24774323
90066,3718,4638,920,0.247444863
90067,691,821,130,0.18813314
90068,2047,2484,437,0.213483146
90069,1711,2167,456,0.266510812
90071,35,38,3,0.085714286
90073,0,1,1,NaN
90074,1,,-1,-1
90075,1,2,1,1
90076,0,,0,NaN
90077,1373,1674,301,0.219227968
90078,7,9,2,0.285714286
90079,1,2,1,1
90080,,1,1,NaN
90081,,,0,NaN
90082,,1,1,NaN
90083,1,1,0,0
90084,,,0,NaN
90086,4,6,2,0.5
90088,1,,-1,-1
90089,22,23,1,0.045454545
90090,1,,-1,-1
90091,,1,1,NaN
90093,9,8,-1,-0.111111111
90094,1160,1350,190,0.163793103
90095,88,110,22,0.25
90096,,,0,NaN
90201,675,1009,334,0.494814815
90202,,,0,NaN
90209,31,37,6,0.193548387
90210,2846,3332,486,0.170765987
90211,850,1091,241,0.283529412
90212,1179,1468,289,0.245122986
90213,17,23,6,0.352941176
90220,403,629,226,0.560794045
90221,326,489,163,0.5
90222,215,313,98,0.455813953
90223,3,3,0,0
90224,3,3,0,0
90230,1666,2074,408,0.244897959
90231,8,13,5,0.625
90232,1126,1436,310,0.275310835
90233,1,1,0,0
90239,7,9,2,0.285714286
90240,910,1184,274,0.301098901
90241,1200,1512,312,0.26
90242,803,1009,206,0.256537983
90245,1114,1350,236,0.211849192
90247,910,1248,338,0.371428571
90248,445,592,147,0.330337079
90249,720,905,185,0.256944444
90250,2398,2825,427,0.178065054
90251,6,7,1,0.166666667
90254,1812,2101,289,0.159492274
90255,467,668,201,0.430406852
90260,617,865,248,0.401944895
90261,,,0,NaN
90262,434,632,198,0.456221198
90263,4,12,8,2
90264,18,21,3,0.166666667
90265,1667,1928,261,0.156568686
90266,4177,4814,637,0.152501796
90267,13,17,4,0.307692308
90270,155,235,80,0.516129032
90272,3204,3732,528,0.164794007
90274,3128,3630,502,0.160485934
90275,4162,4974,812,0.19509851
90277,2561,3075,514,0.20070285
90278,3060,3736,676,0.220915033
90280,784,1181,397,0.506377551
90290,657,782,125,0.190258752
90291,1955,2360,405,0.207161125
90292,2216,2773,557,0.251353791
90293,841,1008,167,0.198573127
90294,9,15,6,0.666666667
90295,22,24,2,0.090909091
90296,1,3,2,2
90301,8691,5800,-2891,-0.332642964
90302,507,705,198,0.390532544
90303,269,438,169,0.628252788
90304,239,386,147,0.615062762
90305,457,637,180,0.393873085
90307,,,0,NaN
90308,3,4,1,0.333333333
90309,2,2,0,0
90310,,1,1,NaN
90401,1762,1493,-269,-0.152667423
90402,1503,1744,241,0.160345975
90403,1773,2156,383,0.216018049
90404,1061,1361,300,0.282752121
90405,2161,2612,451,0.208699676
90406,15,17,2,0.133333333
90407,,,0,NaN
90408,7,6,-1,-0.142857143
90409,8,10,2,0.25
90410,,,0,NaN
90501,1578,2296,718,0.455006337
90502,569,737,168,0.295254833
90503,2293,2900,607,0.264718709
90504,1279,1669,390,0.304925723
90505,2000,2460,460,0.23
90506,2,2,0,0
90507,,,0,NaN
90508,1,2,1,1
90509,1,5,4,4
90510,7,8,1,0.142857143
90601,1029,1286,257,0.249757046
90602,627,818,191,0.304625199
90603,644,828,184,0.285714286
90604,846,1099,253,0.299054374
90605,736,941,205,0.278532609
90606,450,623,173,0.384444444
90607,2,8,6,3
90608,6,11,5,0.833333333
90609,7,6,-1,-0.142857143
90610,,2,2,NaN
90620,1680,2158,478,0.28452381
90621,1610,2126,516,0.320496894
90622,3,5,2,0.666666667
90623,923,1220,297,0.321776815
90630,2698,3438,740,0.274277242
90631,2305,3002,697,0.302386117
90632,7,6,-1,-0.142857143
90633,4,2,-2,-0.5
90637,3,9,6,2
90638,1718,2202,484,0.281722934
90639,2,2,0,0
90640,1170,1599,429,0.366666667
90650,1823,2312,489,0.268239166
90651,3,6,3,1
90652,,1,1,NaN
90660,815,1127,312,0.382822086
90661,1,,-1,-1
90662,1,1,0,0
90670,606,712,106,0.174917492
90680,721,1006,285,0.395284327
90701,475,628,153,0.322105263
90702,2,3,1,0.5
90703,3568,4255,687,0.192544843
90704,36,37,1,0.027777778
90706,1277,1682,405,0.317149569
90707,4,7,3,0.75
90710,690,925,235,0.34057971
90711,,,0,NaN
90712,1060,1358,298,0.281132075
90713,824,1051,227,0.275485437
90714,3,5,2,0.666666667
90715,457,606,149,0.326039387
90716,136,188,52,0.382352941
90717,572,739,167,0.291958042
90720,1496,1813,317,0.211898396
90721,,,0,NaN
90723,509,707,198,0.388998035
90731,1171,1499,328,0.280102477
90732,876,1149,273,0.311643836
90733,5,9,4,0.8
90734,9,9,0,0
90740,1324,1536,212,0.160120846
90742,80,88,8,0.1
90743,48,50,2,0.041666667
90744,384,549,165,0.4296875
90745,1231,1659,428,0.347684809
90746,763,1043,280,0.366972477
90747,,2,2,NaN
90748,6,8,2,0.333333333
90749,5,6,1,0.2
90755,599,763,164,0.273789649
90801,7,11,4,0.571428571
90802,1166,1478,312,0.267581475
90803,1794,2128,334,0.186176143
90804,654,836,182,0.278287462
90805,1108,1512,404,0.364620939
90806,780,1018,238,0.305128205
90807,1393,1682,289,0.207465901
90808,1877,2246,369,0.196590304
90809,3,5,2,0.666666667
90810,430,609,179,0.41627907
90813,377,523,146,0.387267905
90814,786,961,175,0.22264631
90815,1699,2103,404,0.237786933
90831,3,2,-1,-0.333333333
90832,2,4,2,1
90840,,1,1,NaN
90853,2,1,-1,-0.5
90895,2,1,-1,-0.5
91001,2314,2789,475,0.205272256
91003,3,5,2,0.666666667
91006,2710,3371,661,0.243911439
91007,2139,2682,543,0.253856942
91008,119,145,26,0.218487395
91009,6,5,-1,-0.166666667
91010,760,966,206,0.271052632
91011,2510,3044,534,0.212749004
91012,15,12,-3,-0.2
91016,1655,2120,465,0.280966767
91017,10,13,3,0.3
91020,350,468,118,0.337142857
91021,3,8,5,1.666666667
91024,763,917,154,0.201834862
91025,7,10,3,0.428571429
91030,1847,2247,400,0.216567407
91031,25,23,-2,-0.08
91040,1190,1576,386,0.324369748
91041,4,4,0,0
91042,1270,1796,526,0.414173228
91043,4,5,1,0.25
91046,7,6,-1,-0.142857143
91066,20,21,1,0.05
91077,4,4,0,0
91101,1016,1297,281,0.276574803
91102,7,7,0,0
91103,1039,1301,262,0.252165544
91104,1679,2066,387,0.230494342
91105,1407,1655,248,0.176261549
91106,1329,1586,257,0.19337848
91107,2293,2838,545,0.237679895
91108,1675,1924,249,0.148656716
91109,19,30,11,0.578947368
91110,,,0,NaN
91114,3,3,0,0
91115,4,4,0,0
91116,6,9,3,0.5
91117,3,3,0,0
91118,11,19,8,0.727272727
91124,,2,2,NaN
91125,1,5,4,4
91126,1,1,0,0
91201,1060,1500,440,0.41509434
91202,1227,1624,397,0.323553382
91203,801,1105,304,0.379525593
91204,788,1102,314,0.398477157
91205,1222,1732,510,0.417348609
91206,1723,2359,636,0.369123622
91207,731,932,201,0.2749658
91208,1271,1599,328,0.258064516
91209,9,11,2,0.222222222
91210,44,40,-4,-0.090909091
91214,2185,2740,555,0.254004577
91221,7,5,-2,-0.285714286
91222,2,1,-1,-0.5
91224,3,2,-1,-0.333333333
91225,4,4,0,0
91226,7,6,-1,-0.142857143
91301,2188,2731,543,0.248171846
91302,3310,4028,718,0.216918429
91303,701,997,296,0.422253923
91304,1963,2582,619,0.315333673
91305,1,1,0,0
91306,1424,1975,551,0.386938202
91307,1973,2611,638,0.323365433
91308,6,9,3,0.5
91309,1,2,1,1
91310,1,2,1,1
91311,2309,3034,725,0.31398874
91313,5,9,4,0.8
91316,2091,2644,553,0.264466762
91319,5,7,2,0.4
91320,2718,3373,655,0.240986019
91321,1069,1384,315,0.294667914
91322,2,1,-1,-0.5
91324,1297,1717,420,0.32382421
91325,1582,2067,485,0.306573957
91326,4266,5289,1023,0.239803094
91327,8,14,6,0.75
91328,7,7,0,0
91330,3,8,5,1.666666667
91331,1140,1711,571,0.500877193
91333,1,2,1,1
91334,2,1,-1,-0.5
91335,1992,2759,767,0.385040161
91337,3,8,5,1.666666667
91340,447,627,180,0.402684564
91341,3,1,-2,-0.666666667
91342,2234,3065,831,0.371978514
91343,1680,2339,659,0.392261905
91344,3037,4056,1019,0.335528482
91345,501,644,143,0.285429142
91346,1,3,2,2
91350,3006,3663,657,0.218562874
91351,1150,1493,343,0.29826087
91352,1137,1553,416,0.36587511
91353,1,2,1,1
91354,2644,3295,651,0.246217852
91355,1847,2303,456,0.246886844
91356,2426,3132,706,0.291014015
91357,12,19,7,0.583333333
91358,,1,1,NaN
91359,20,22,2,0.1
91360,2009,2558,549,0.273270284
91361,1975,2436,461,0.233417722
91362,3023,3766,743,0.245782335
91363,,,0,NaN
91364,2521,3140,619,0.245537485
91365,8,14,6,0.75
91367,3097,4153,1056,0.340975137
91371,,4,4,NaN
91372,13,23,10,0.769230769
91376,14,21,7,0.5
91377,1294,1629,335,0.258887172
91380,19,29,10,0.526315789
91381,2397,3108,711,0.296620776
91382,,,0,NaN
91384,1028,1282,254,0.247081712
91385,5,7,2,0.4
91386,3,5,2,0.666666667
91387,2225,2802,577,0.259325843
91390,1022,1276,254,0.24853229
91392,1,5,4,4
91393,1,2,1,1
91394,10,12,2,0.2
91395,2,,-2,-1
91396,1,3,2,2
91401,1887,2586,699,0.370429253
91402,990,1487,497,0.502020202
91403,2171,2771,600,0.276370336
91404,,2,2,NaN
91405,1869,2514,645,0.345104334
91406,1737,2345,608,0.350028785
91407,,,0,NaN
91408,2,1,-1,-0.5
91409,13,11,-2,-0.153846154
91410,,,0,NaN
91411,919,1140,221,0.240478781
91412,2,3,1,0.5
91413,19,32,13,0.684210526
91416,9,12,3,0.333333333
91423,2428,3025,597,0.245881384
91426,23,23,0,0
91436,2413,2867,454,0.188147534
91470,,,0,NaN
91501,1130,1539,409,0.361946903
91502,434,609,175,0.403225806
91503,5,7,2,0.4
91504,1403,1897,494,0.352102637
91505,1529,1927,398,0.26030085
91506,981,1218,237,0.241590214
91507,1,2,1,1
91508,2,,-2,-1
91510,16,18,2,0.125
91521,3,4,1,0.333333333
91601,1484,1934,450,0.303234501
91602,1313,1614,301,0.229246002
91603,8,5,-3,-0.375
91604,2898,3618,720,0.248447205
91605,1398,1986,588,0.420600858
91606,1284,1817,533,0.415109034
91607,1611,2108,497,0.308504035
91608,4,7,3,0.75
91609,3,3,0,0
91610,4,3,-1,-0.25
91612,,1,1,NaN
91614,7,9,2,0.285714286
91615,3,4,1,0.333333333
91616,1,1,0,0
91617,3,2,-1,-0.333333333
91701,1452,1876,424,0.292011019
91702,1475,1920,445,0.301694915
91706,1422,1867,445,0.312939522
91708,1473,2035,562,0.381534284
91709,6190,7609,1419,0.229240711
91710,3031,3844,813,0.268228307
91711,2012,2454,442,0.219681909
91714,,,0,NaN
91715,18,19,1,0.055555556
91716,,,0,NaN
91722,849,1126,277,0.326266196
91723,520,710,190,0.365384615
91724,973,1198,225,0.231243577
91729,32,33,1,0.03125
91730,2192,2846,654,0.298357664
91731,666,849,183,0.274774775
91732,1297,1699,402,0.309946029
91733,850,1136,286,0.336470588
91734,9,5,-4,-0.444444444
91737,1257,1615,358,0.284805091
91739,2711,3467,756,0.278863888
91740,828,1015,187,0.225845411
91741,1329,1641,312,0.23476298
91743,2,3,1,0.5
91744,1335,1866,531,0.397752809
91745,2764,3500,736,0.266280753
91746,567,753,186,0.328042328
91747,3,7,4,1.333333333
91748,2634,3345,711,0.269931663
91749,2,1,-1,-0.5
91750,1349,1676,327,0.242401779
91752,1288,1682,394,0.305900621
91754,1674,2060,386,0.230585424
91755,1197,1541,344,0.287385129
91756,,1,1,NaN
91759,10,13,3,0.3
91761,2455,3248,793,0.323014257
91762,1835,2387,552,0.300817439
91763,734,947,213,0.290190736
91764,856,1144,288,0.336448598
91765,3935,4845,910,0.231257942
91766,1439,1853,414,0.287699792
91767,863,1159,296,0.342989571
91768,506,675,169,0.333992095
91769,9,7,-2,-0.222222222
91770,2528,3587,1059,0.418908228
91771,,,0,NaN
91772,,1,1,NaN
91773,1467,1865,398,0.271301977
91775,1411,1797,386,0.273564848
91776,1510,1992,482,0.319205298
91778,9,11,2,0.222222222
91780,2123,2635,512,0.241168158
91784,1769,2191,422,0.238552855
91785,5,11,6,1.2
91786,1321,1737,416,0.314912945
91788,23,27,4,0.173913043
91789,3747,4620,873,0.232986389
91790,1437,1929,492,0.342379958
91791,1672,2139,467,0.27930622
91792,972,1250,278,0.28600823
91793,11,14,3,0.272727273
91799,,,0,NaN
91801,1928,2503,575,0.298236515
91802,41,37,-4,-0.097560976
91803,1204,1505,301,0.25
91804,1,1,0,0
91901,480,604,124,0.258333333
91902,730,972,242,0.331506849
91903,6,8,2,0.333333333
91905,16,26,10,0.625
91906,53,76,23,0.433962264
91908,2,7,5,2.5
91909,2,4,2,1
91910,1662,2324,662,0.398315283
91911,1203,1729,526,0.437240233
91912,14,22,8,0.571428571
91913,2899,3868,969,0.334253191
91914,1099,1425,326,0.296633303
91915,1745,2309,564,0.323209169
91916,43,48,5,0.11627907
91917,22,19,-3,-0.136363636
91921,20,18,-2,-0.1
91931,7,10,3,0.428571429
91932,343,446,103,0.300291545
91933,2,5,3,1.5
91934,12,13,1,0.083333333
91935,408,524,116,0.284313725
91941,1351,1705,354,0.262028127
91942,1001,1311,310,0.30969031
91943,3,3,0,0
91944,6,6,0,0
91945,495,678,183,0.36969697
91946,1,4,3,3
91947,,,0,NaN
91948,3,2,-1,-0.333333333
91950,569,843,274,0.481546573
91951,3,3,0,0
91962,56,67,11,0.196428571
91963,9,14,5,0.555555556
91976,2,2,0,0
91977,1132,1615,483,0.426678445
91978,323,456,133,0.411764706
91979,3,4,1,0.333333333
91980,8,14,6,0.75
92003,297,364,67,0.225589226
92004,55,67,12,0.218181818
92007,748,914,166,0.221925134
92008,1553,2003,450,0.289761751
92009,3765,4573,808,0.214608234
92010,1246,1539,293,0.235152488
92011,1896,2395,499,0.263185654
92013,22,23,1,0.045454545
92014,1664,1954,290,0.174278846
92018,24,28,4,0.166666667
92019,1419,2079,660,0.465116279
92020,1273,1728,455,0.357423409
92021,1042,1513,471,0.452015355
92022,7,11,4,0.571428571
92023,24,35,11,0.458333333
92024,3964,4795,831,0.209636731
92025,1306,1661,355,0.271822358
92026,1765,2276,511,0.289518414
92027,1333,1691,358,0.268567142
92028,1944,2489,545,0.280349794
92029,1360,1768,408,0.3
92030,10,13,3,0.3
92033,5,6,1,0.2
92036,86,108,22,0.255813953
92037,3453,4188,735,0.212858384
92038,28,43,15,0.535714286
92039,8,10,2,0.25
92040,770,1050,280,0.363636364
92046,15,16,1,0.066666667
92049,5,6,1,0.2
92051,4,7,3,0.75
92052,15,14,-1,-0.066666667
92054,1032,1316,284,0.275193798
92055,10,13,3,0.3
92056,1936,2477,541,0.279442149
92057,1872,2386,514,0.27457265
92058,729,1000,271,0.371742112
92059,35,41,6,0.171428571
92060,13,13,0,0
92061,75,87,12,0.16
92064,2990,4199,1209,0.404347826
92065,979,1239,260,0.26557712
92066,4,3,-1,-0.25
92067,1555,1840,285,0.183279743
92068,7,6,-1,-0.142857143
92069,1690,2230,540,0.319526627
92070,16,18,2,0.125
92071,1606,2139,533,0.331880448
92072,3,7,4,1.333333333
92074,7,12,5,0.714285714
92075,1080,1282,202,0.187037037
92078,3105,3929,824,0.265378422
92079,10,11,1,0.1
92081,1125,1468,343,0.304888889
92082,806,1056,250,0.310173697
92083,665,875,210,0.315789474
92084,1242,1619,377,0.303542673
92085,5,7,2,0.4
92086,26,33,7,0.269230769
92088,10,10,0,0
92091,226,271,45,0.199115044
92092,50,59,9,0.18
92093,55,68,13,0.236363636
92101,3719,3860,141,0.037913418
92102,625,870,245,0.392
92103,1991,2375,384,0.192867906
92104,2127,2499,372,0.174894217
92105,1154,1495,341,0.295493934
92106,1063,1293,230,0.216368768
92107,1016,1257,241,0.237204724
92108,1312,1727,415,0.316310976
92109,1721,2183,462,0.268448576
92110,962,1271,309,0.321205821
92111,1616,2051,435,0.269183168
92112,11,11,0,0
92113,320,478,158,0.49375
92114,1026,1429,403,0.392787524
92115,1361,1737,376,0.27626745
92116,1234,1561,327,0.264991896
92117,2006,2586,580,0.289132602
92118,932,1132,200,0.214592275
92119,861,1107,246,0.285714286
92120,1514,1959,445,0.293923382
92121,556,682,126,0.226618705
92122,2233,2815,582,0.260635916
92123,1454,1963,509,0.350068776
92124,1284,1546,262,0.204049844
92126,3429,4398,969,0.282589676
92127,5382,6561,1179,0.219063545
92128,2979,3902,923,0.309835515
92129,4025,4967,942,0.234037267
92130,7179,8832,1653,0.23025491
92131,3352,4114,762,0.227326969
92134,2,2,0,0
92135,1,1,0,0
92136,7,16,9,1.285714286
92137,6,5,-1,-0.166666667
92138,10,16,6,0.6
92139,539,784,245,0.454545455
92140,,1,1,NaN
92142,4,7,3,0.75
92143,7,11,4,0.571428571
92145,4,10,6,1.5
92147,,,0,NaN
92149,1,2,1,1
92150,22,29,7,0.318181818
92153,8,12,4,0.5
92154,1617,2304,687,0.424860853
92155,1,6,5,5
92159,1,5,4,4
92160,6,9,3,0.5
92161,,,0,NaN
92163,15,18,3,0.2
92164,,,0,NaN
92165,6,5,-1,-0.166666667
92166,8,5,-3,-0.375
92167,8,8,0,0
92168,7,11,4,0.571428571
92169,13,15,2,0.153846154
92170,4,2,-2,-0.5
92171,1,1,0,0
92172,17,20,3,0.176470588
92173,331,522,191,0.577039275
92174,,2,2,NaN
92175,1,3,2,2
92176,10,14,4,0.4
92177,5,7,2,0.4
92178,13,14,1,0.076923077
92182,1,3,2,2
92186,1,,-1,-1
92191,7,5,-2,-0.285714286
92192,17,18,1,0.058823529
92193,5,6,1,0.2
92195,7,8,1,0.142857143
92196,9,13,4,0.444444444
92198,12,17,5,0.416666667
92199,1,,-1,-1
92201,665,937,272,0.409022556
92202,6,8,2,0.333333333
92203,994,1369,375,0.377263581
92210,347,394,47,0.135446686
92211,1142,1456,314,0.274956217
92220,473,699,226,0.477801268
92222,,,0,NaN
92223,1889,2589,700,0.370566437
92225,75,87,12,0.16
92226,4,4,0,0
92227,133,201,68,0.511278195
92230,16,26,10,0.625
92231,277,421,144,0.519855596
92232,8,9,1,0.125
92233,9,12,3,0.333333333
92234,1125,1478,353,0.313777778
92235,6,8,2,0.333333333
92236,202,339,137,0.678217822
92239,1,3,2,2
92240,403,587,184,0.456575682
92241,101,138,37,0.366336634
92242,4,3,-1,-0.25
92243,351,572,221,0.62962963
92244,7,11,4,0.571428571
92247,11,16,5,0.454545455
92248,11,15,4,0.363636364
92249,51,78,27,0.529411765
92250,27,38,11,0.407407407
92251,258,409,151,0.585271318
92252,118,156,38,0.322033898
92253,1345,1741,396,0.294423792
92254,35,52,17,0.485714286
92255,13,13,0,0
92256,54,72,18,0.333333333
92257,11,12,1,0.090909091
92258,7,12,5,0.714285714
92259,2,3,1,0.5
92260,980,1232,252,0.257142857
92261,12,10,-2,-0.166666667
92262,1338,1657,319,0.238415546
92263,28,46,18,0.642857143
92264,1113,1391,278,0.249775382
92266,1,,-1,-1
92267,,2,2,NaN
92268,13,18,5,0.384615385
92270,1507,1825,318,0.211015262
92273,6,10,4,0.666666667
92274,63,92,29,0.46031746
92275,6,6,0,0
92276,112,135,23,0.205357143
92277,202,265,63,0.311881188
92278,1,4,3,3
92280,,,0,NaN
92281,2,5,3,1.5
92282,21,26,5,0.238095238
92283,6,2,-4,-0.666666667
92284,325,412,87,0.267692308
92285,25,37,12,0.48
92286,8,7,-1,-0.125
92301,291,411,120,0.412371134
92305,4,5,1,0.25
92307,614,788,174,0.283387622
92308,557,718,161,0.289048474
92309,1,2,1,1
92310,60,93,33,0.55
92311,188,254,66,0.35106383
92312,5,6,1,0.2
92313,248,313,65,0.262096774
92314,90,117,27,0.3
92315,91,110,19,0.208791209
92316,250,345,95,0.38
92317,66,75,9,0.136363636
92318,1,2,1,1
92320,316,387,71,0.224683544
92321,17,26,9,0.529411765
92322,10,10,0,0
92324,654,865,211,0.322629969
92325,145,185,40,0.275862069
92326,,1,1,NaN
92327,,1,1,NaN
92328,,1,1,NaN
92329,27,36,9,0.333333333
92331,17,13,-4,-0.235294118
92332,,1,1,NaN
92333,14,18,4,0.285714286
92334,1,8,7,7
92335,758,1052,294,0.387862797
92336,4051,5623,1572,0.388052333
92337,641,877,236,0.368174727
92339,16,25,9,0.5625
92340,3,12,9,3
92341,7,8,1,0.142857143
92342,123,163,40,0.325203252
92344,421,590,169,0.401425178
92345,792,1129,337,0.425505051
92346,1192,1518,326,0.273489933
92347,6,4,-2,-0.333333333
92350,7,9,2,0.285714286
92352,156,194,38,0.243589744
92354,802,969,167,0.208229426
92356,23,43,20,0.869565217
92358,23,26,3,0.130434783
92359,135,178,43,0.318518519
92363,19,28,9,0.473684211
92364,,,0,NaN
92365,11,12,1,0.090909091
92366,1,,-1,-1
92368,10,12,2,0.2
92369,2,8,6,3
92371,160,202,42,0.2625
92372,85,103,18,0.211764706
92373,1474,1784,310,0.210312076
92374,1108,1451,343,0.309566787
92375,22,27,5,0.227272727
92376,798,1099,301,0.377192982
92377,432,624,192,0.444444444
92378,7,11,4,0.571428571
92382,96,118,22,0.229166667
92384,,1,1,NaN
92385,13,16,3,0.230769231
92386,19,25,6,0.315789474
92391,34,36,2,0.058823529
92392,871,1237,366,0.420206659
92393,12,13,1,0.083333333
92394,483,713,230,0.476190476
92395,522,727,205,0.392720307
92397,117,151,34,0.290598291
92398,10,16,6,0.6
92399,1069,1394,325,0.304022451
92401,8,12,4,0.5
92402,1,2,1,1
92403,,,0,NaN
92404,512,695,183,0.357421875
92405,248,317,69,0.278225806
92406,2,2,0,0
92407,1113,1499,386,0.346810422
92408,200,257,57,0.285
92410,264,395,131,0.496212121
92411,120,167,47,0.391666667
92413,5,4,-1,-0.2
92415,13,22,9,0.692307692
92423,10,11,1,0.1
92427,5,6,1,0.2
92501,428,553,125,0.292056075
92502,5,26,21,4.2
92503,2155,2827,672,0.311832947
92504,1133,1514,381,0.336275375
92505,888,1145,257,0.289414414
92506,1683,2092,409,0.243018419
92507,1286,1643,357,0.277604977
92508,1466,1906,440,0.300136426
92509,1194,1656,462,0.386934673
92513,2,5,3,1.5
92514,4,3,-1,-0.25
92516,10,7,-3,-0.3
92517,11,13,2,0.181818182
92518,69,327,258,3.739130435
92519,4,4,0,0
92521,9,8,-1,-0.111111111
92530,1202,1551,349,0.290349418
92531,7,10,3,0.428571429
92532,1511,2179,668,0.44209133
92536,78,101,23,0.294871795
92539,31,50,19,0.612903226
92543,302,428,126,0.417218543
92544,527,677,150,0.284629981
92545,554,830,276,0.498194946
92546,3,7,4,1.333333333
92548,87,154,67,0.770114943
92549,65,93,28,0.430769231
92551,421,636,215,0.510688836
92552,6,10,4,0.666666667
92553,698,973,275,0.393982808
92554,1,1,0,0
92555,1214,1579,365,0.300658979
92556,3,2,-1,-0.333333333
92557,1002,1347,345,0.344311377
92561,47,66,19,0.404255319
92562,2233,2873,640,0.286609942
92563,3198,4128,930,0.290806754
92564,16,21,5,0.3125
92567,113,161,48,0.424778761
92570,704,948,244,0.346590909
92571,766,1160,394,0.514360313
92572,11,10,-1,-0.090909091
92581,10,11,1,0.1
92582,364,495,131,0.35989011
92583,252,400,148,0.587301587
92584,2416,3272,856,0.354304636
92585,896,1204,308,0.34375
92586,356,483,127,0.356741573
92587,589,732,143,0.24278438
92589,29,35,6,0.206896552
92590,252,302,50,0.198412698
92591,1768,2348,580,0.328054299
92592,3624,4634,1010,0.278697572
92593,10,13,3,0.3
92595,841,1123,282,0.335315101
92596,1617,2262,645,0.398886827
92602,3941,4945,1004,0.254757676
92603,2604,3160,556,0.213517665
92604,1919,2365,446,0.232412715
92605,5,3,-2,-0.4
92606,1877,2471,594,0.31646244
92607,22,28,6,0.272727273
92609,7,12,5,0.714285714
92610,1250,1534,284,0.2272
92612,2201,2944,743,0.33757383
92614,2426,3123,697,0.287304204
92615,16,19,3,0.1875
92616,12,15,3,0.25
92617,687,840,153,0.222707424
92618,9498,12089,2591,0.272794272
92619,51,60,9,0.176470588
92620,6663,8238,1575,0.236380009
92623,33,39,6,0.181818182
92624,366,461,95,0.259562842
92625,1511,1729,218,0.144275314
92626,2496,3204,708,0.283653846
92627,2261,2826,565,0.249889429
92628,10,10,0,0
92629,1830,2207,377,0.206010929
92630,4450,5681,1231,0.276629213
92637,663,842,179,0.269984917
92645,1,1,0,0
92646,2923,3632,709,0.242559015
92647,2180,2661,481,0.220642202
92648,3120,3673,553,0.17724359
92649,2156,2519,363,0.168367347
92650,1,1,0,0
92651,2742,3195,453,0.165207877
92652,31,26,-5,-0.161290323
92653,2072,2556,484,0.233590734
92654,14,12,-2,-0.142857143
92655,234,301,67,0.286324786
92656,3594,4496,902,0.250973845
92657,1849,2164,315,0.170362358
92658,59,64,5,0.084745763
92659,19,21,2,0.105263158
92660,3806,4235,429,0.112716763
92661,221,257,36,0.162895928
92662,186,228,42,0.225806452
92663,1523,1799,276,0.181221274
92670,,,0,NaN
92672,2038,2450,412,0.202158979
92673,2662,3066,404,0.15176559
92674,9,10,1,0.111111111
92675,2097,2575,478,0.227944683
92676,137,169,32,0.233576642
92677,5047,6324,1277,0.253021597
92678,16,25,9,0.5625
92679,3291,3954,663,0.201458523
92680,,,0,NaN
92683,3705,4530,825,0.222672065
92684,8,12,4,0.5
92685,9,12,3,0.333333333
92688,2593,3234,641,0.247204011
92690,20,17,-3,-0.15
92691,2611,3224,613,0.234775948
92692,3323,4153,830,0.2497743
92693,3,4,1,0.333333333
92694,3955,4921,966,0.244247788
92697,16,19,3,0.1875
92698,,,0,NaN
92701,569,799,230,0.404217926
92702,3,3,0,0
92703,825,1057,232,0.281212121
92704,1599,2054,455,0.284552846
92705,2824,3528,704,0.249291785
92706,845,1105,260,0.307692308
92707,775,1103,328,0.423225806
92708,4129,4946,817,0.197868733
92711,9,13,4,0.444444444
92728,20,20,0,0
92735,1,4,3,3
92780,1673,2199,526,0.31440526
92781,16,23,7,0.4375
92782,2996,3804,808,0.269692924
92799,4,5,1,0.25
92801,1314,1754,440,0.334855403
92802,946,1209,263,0.278012685
92803,4,8,4,1
92804,1994,2667,673,0.337512538
92805,1971,2617,646,0.32775241
92806,1149,1427,278,0.241949521
92807,2594,3285,691,0.266383963
92808,1787,2160,373,0.208729715
92809,13,9,-4,-0.307692308
92811,4,3,-1,-0.25
92812,7,8,1,0.142857143
92814,1,4,3,3
92815,5,9,4,0.8
92816,5,7,2,0.4
92817,12,13,1,0.083333333
92821,2730,3287,557,0.204029304
92822,21,32,11,0.523809524
92823,662,774,112,0.16918429
92831,1405,1712,307,0.218505338
92832,755,1005,250,0.331125828
92833,2940,3864,924,0.314285714
92834,5,12,7,1.4
92835,1950,2397,447,0.229230769
92836,1,,-1,-1
92837,9,6,-3,-0.333333333
92838,2,,-2,-1
92840,1634,2078,444,0.271725826
92841,1297,1625,328,0.252891288
92842,11,15,4,0.363636364
92843,1273,1656,383,0.300864101
92844,883,1085,202,0.228765572
92845,661,799,138,0.208774584
92846,2,2,0,0
92850,,,0,NaN
92856,6,7,1,0.166666667
92857,,,0,NaN
92859,8,13,5,0.625
92860,621,778,157,0.252818035
92861,588,719,131,0.222789116
92862,,,0,NaN
92863,15,15,0,0
92864,1,,-1,-1
92865,950,1146,196,0.206315789
92866,415,528,113,0.272289157
92867,2202,2656,454,0.206176203
92868,815,1082,267,0.327607362
92869,1862,2260,398,0.213748657
92870,2417,3069,652,0.269755896
92871,5,7,2,0.4
92877,18,15,-3,-0.166666667
92878,526,649,123,0.233840304
92879,1275,1672,397,0.311372549
92880,3940,4958,1018,0.258375635
92881,1561,1985,424,0.271620756
92882,2392,3028,636,0.265886288
92883,2380,3117,737,0.309663866
92885,4,9,5,1.25
92886,4171,5068,897,0.215056341
92887,1673,2048,375,0.224148237
93001,1102,1328,226,0.20508167
93002,13,15,2,0.153846154
93003,1539,2014,475,0.308641975
93004,870,1125,255,0.293103448
93005,3,5,2,0.666666667
93006,10,12,2,0.2
93007,2,4,2,1
93009,1,,-1,-1
93010,1697,2156,459,0.270477313
93011,24,32,8,0.333333333
93012,1917,2435,518,0.270213876
93013,507,671,164,0.3234714
93014,5,8,3,0.6
93015,396,509,113,0.285353535
93016,3,4,1,0.333333333
93020,5,3,-2,-0.4
93021,1856,2334,478,0.257543103
93022,167,214,47,0.281437126
93023,939,1151,212,0.225772098
93024,13,21,8,0.615384615
93030,768,998,230,0.299479167
93031,11,12,1,0.090909091
93032,,1,1,NaN
93033,732,1082,350,0.478142077
93034,13,16,3,0.230769231
93035,903,1120,217,0.240310078
93036,1027,1355,328,0.319376826
93040,30,49,19,0.633333333
93041,333,443,110,0.33033033
93042,1,,-1,-1
93043,2,2,0,0
93044,3,10,7,2.333333333
93060,480,636,156,0.325
93061,3,4,1,0.333333333
93062,9,8,-1,-0.111111111
93063,2355,3027,672,0.285350318
93064,,1,1,NaN
93065,3483,4408,925,0.265575653
93066,161,191,30,0.186335404
93067,52,59,7,0.134615385
93094,3,2,-1,-0.333333333
93101,835,1027,192,0.22994012
93102,8,9,1,0.125
93103,696,860,164,0.235632184
93105,1421,1721,300,0.21111893
93106,49,58,9,0.183673469
93107,,,0,NaN
93108,1139,1368,229,0.201053556
93109,629,740,111,0.176470588
93110,893,1072,179,0.200447928
93111,866,1084,218,0.251732102
93116,8,7,-1,-0.125
93117,1310,1643,333,0.254198473
93118,2,3,1,0.5
93120,7,8,1,0.142857143
93121,2,4,2,1
93130,8,16,8,1
93140,8,12,4,0.5
93150,18,32,14,0.777777778
93160,2,6,4,2
93190,4,4,0,0
93201,3,1,-2,-0.666666667
93202,17,27,10,0.588235294
93203,82,114,32,0.390243902
93204,38,55,17,0.447368421
93205,5,8,3,0.6
93206,5,4,-1,-0.2
93207,2,4,2,1
93210,102,142,40,0.392156863
93212,51,71,20,0.392156863
93215,242,324,82,0.338842975
93216,6,8,2,0.333333333
93218,4,8,4,1
93219,20,28,8,0.4
93220,1,3,2,2
93221,160,220,60,0.375
93222,63,79,16,0.253968254
93223,33,55,22,0.666666667
93224,3,3,0,0
93225,108,138,30,0.277777778
93226,1,1,0,0
93227,1,2,1,1
93230,720,950,230,0.319444444
93232,3,5,2,0.666666667
93234,25,50,25,1
93235,10,24,14,1.4
93238,11,14,3,0.272727273
93239,6,6,0,0
93240,41,45,4,0.097560976
93241,35,61,26,0.742857143
93242,10,18,8,0.8
93243,22,24,2,0.090909091
93244,4,5,1,0.25
93245,316,406,90,0.284810127
93246,1,3,2,2
93247,102,128,26,0.254901961
93249,10,19,9,0.9
93250,57,89,32,0.561403509
93252,5,4,-1,-0.2
93254,4,7,3,0.75
93255,4,6,2,0.5
93256,16,31,15,0.9375
93257,433,618,185,0.427251732
93258,5,10,5,1
93260,2,1,-1,-0.5
93261,6,7,1,0.166666667
93262,2,2,0,0
93263,248,362,114,0.459677419
93265,71,80,9,0.126760563
93266,7,8,1,0.142857143
93267,21,32,11,0.523809524
93268,58,80,22,0.379310345
93270,27,36,9,0.333333333
93271,41,50,9,0.219512195
93272,15,20,5,0.333333333
93274,546,772,226,0.413919414
93275,3,2,-1,-0.333333333
93277,528,676,148,0.28030303
93278,2,2,0,0
93279,11,11,0,0
93280,103,160,57,0.553398058
93283,14,18,4,0.285714286
93285,15,25,10,0.666666667
93286,43,67,24,0.558139535
93287,1,3,2,2
93290,10,19,9,0.9
93291,972,1292,320,0.329218107
93292,471,617,146,0.309978769
93301,179,225,46,0.25698324
93302,3,4,1,0.333333333
93303,3,8,5,1.666666667
93304,220,288,68,0.309090909
93305,124,165,41,0.330645161
93306,718,914,196,0.272980501
93307,311,476,165,0.530546624
93308,415,557,142,0.342168675
93309,493,649,156,0.31643002
93311,1631,2094,463,0.283874923
93312,1035,1351,316,0.30531401
93313,911,1252,341,0.374313941
93314,885,1162,277,0.31299435
93380,4,8,4,1
93383,,1,1,NaN
93384,6,10,4,0.666666667
93385,3,2,-1,-0.333333333
93386,4,5,1,0.25
93387,3,6,3,1
93388,2,2,0,0
93389,4,10,6,1.5
93390,9,12,3,0.333333333
93401,1661,2058,397,0.239012643
93402,542,674,132,0.243542435
93403,12,15,3,0.25
93405,731,924,193,0.264021888
93406,14,20,6,0.428571429
93407,12,13,1,0.083333333
93408,9,10,1,0.111111111
93409,,,0,NaN
93410,1,2,1,1
93412,10,13,3,0.3
93420,1193,1432,239,0.200335289
93421,18,22,4,0.222222222
93422,833,1039,206,0.24729892
93423,12,8,-4,-0.333333333
93424,103,118,15,0.145631068
93426,17,29,12,0.705882353
93427,251,280,29,0.115537849
93428,275,333,58,0.210909091
93430,125,152,27,0.216
93432,36,49,13,0.361111111
93433,283,354,71,0.250883392
93434,77,102,25,0.324675325
93435,1,1,0,0
93436,665,890,225,0.338345865
93437,84,92,8,0.095238095
93438,6,7,1,0.166666667
93440,47,68,21,0.446808511
93441,63,75,12,0.19047619
93442,360,421,61,0.169444444
93443,7,13,6,0.857142857
93444,768,945,177,0.23046875
93445,95,122,27,0.284210526
93446,931,1194,263,0.282491944
93447,24,33,9,0.375
93448,14,18,4,0.285714286
93449,495,588,93,0.187878788
93450,2,5,3,1.5
93451,61,83,22,0.360655738
93452,6,9,3,0.5
93453,57,89,32,0.561403509
93454,348,473,125,0.359195402
93455,908,1206,298,0.328193833
93456,15,20,5,0.333333333
93457,6,8,2,0.333333333
93458,291,408,117,0.402061856
93460,227,271,44,0.193832599
93461,13,16,3,0.230769231
93463,338,403,65,0.192307692
93464,5,6,1,0.2
93465,374,450,76,0.203208556
93475,,2,2,NaN
93483,8,15,7,0.875
93501,47,64,17,0.361702128
93502,1,1,0,0
93504,11,8,-3,-0.272727273
93505,128,177,49,0.3828125
93510,256,314,58,0.2265625
93512,1,2,1,1
93513,16,19,3,0.1875
93514,176,232,56,0.318181818
93515,2,5,3,1.5
93516,13,26,13,1
93517,10,11,1,0.1
93518,10,10,0,0
93519,,1,1,NaN
93522,1,1,0,0
93523,56,65,9,0.160714286
93524,,1,1,NaN
93526,10,9,-1,-0.1
93527,17,22,5,0.294117647
93529,11,10,-1,-0.090909091
93530,,,0,NaN
93531,28,26,-2,-0.071428571
93532,70,87,17,0.242857143
93534,459,613,154,0.335511983
93535,805,1060,255,0.316770186
93536,1646,2175,529,0.321385176
93539,7,5,-2,-0.285714286
93541,9,13,4,0.444444444
93543,101,149,48,0.475247525
93544,18,22,4,0.222222222
93545,32,34,2,0.0625
93546,149,173,24,0.161073826
93549,1,2,1,1
93550,780,1111,331,0.424358974
93551,1855,2431,576,0.310512129
93552,670,885,215,0.320895522
93553,39,48,9,0.230769231
93554,1,1,0,0
93555,352,449,97,0.275568182
93556,3,3,0,0
93560,279,361,82,0.29390681
93561,511,631,120,0.234833659
93562,10,9,-1,-0.1
93563,2,3,1,0.5
93581,14,16,2,0.142857143
93584,4,2,-2,-0.5
93586,,,0,NaN
93590,5,9,4,0.8
93591,59,81,22,0.372881356
93592,1,1,0,0
93596,,1,1,NaN
93599,1,11,10,10
93601,22,28,6,0.272727273
93602,33,39,6,0.181818182
93603,2,2,0,0
93604,11,13,2,0.181818182
93605,7,14,7,1
93606,2,3,1,0.5
93608,2,2,0,0
93609,46,62,16,0.347826087
93610,176,235,59,0.335227273
93611,1118,1345,227,0.203041145
93612,315,397,82,0.26031746
93613,15,18,3,0.2
93614,174,203,29,0.166666667
93615,9,17,8,0.888888889
93616,25,27,2,0.08
93618,170,227,57,0.335294118
93619,2296,2826,530,0.230836237
93620,60,81,21,0.35
93621,7,8,1,0.142857143
93622,64,88,24,0.375
93623,1,1,0,0
93624,1,2,1,1
93625,156,190,34,0.217948718
93626,126,156,30,0.238095238
93627,,,0,NaN
93628,,,0,NaN
93630,141,195,54,0.382978723
93631,219,280,61,0.278538813
93633,,,0,NaN
93634,,1,1,NaN
93635,636,829,193,0.303459119
93636,572,811,239,0.417832168
93637,372,512,140,0.376344086
93638,231,331,100,0.432900433
93639,8,7,-1,-0.125
93640,36,52,16,0.444444444
93641,4,5,1,0.25
93643,36,46,10,0.277777778
93644,91,117,26,0.285714286
93645,5,5,0,0
93646,28,39,11,0.392857143
93647,37,52,15,0.405405405
93648,56,84,28,0.5
93649,3,3,0,0
93650,93,99,6,0.064516129
93651,29,27,-2,-0.068965517
93652,1,1,0,0
93653,21,19,-2,-0.095238095
93654,229,324,95,0.414847162
93656,23,29,6,0.260869565
93657,388,488,100,0.257731959
93660,21,25,4,0.19047619
93661,,,0,NaN
93662,187,249,62,0.331550802
93664,7,11,4,0.571428571
93666,3,4,1,0.333333333
93667,17,21,4,0.235294118
93668,4,6,2,0.5
93669,,1,1,NaN
93673,2,5,3,1.5
93675,30,37,7,0.233333333
93701,46,58,12,0.260869565
93702,165,229,64,0.387878788
93703,114,156,42,0.368421053
93704,455,569,114,0.250549451
93705,183,266,83,0.453551913
93706,177,241,64,0.361581921
93709,,,0,NaN
93710,338,396,58,0.171597633
93711,961,1189,228,0.237252862
93712,1,1,0,0
93715,,,0,NaN
93718,,1,1,NaN
93720,1308,1614,306,0.233944954
93721,125,156,31,0.248
93722,1039,1325,286,0.275264678
93723,390,510,120,0.307692308
93724,1,1,0,0
93725,186,227,41,0.220430108
93726,262,328,66,0.251908397
93727,1215,1623,408,0.335802469
93728,118,166,48,0.406779661
93729,14,17,3,0.214285714
93730,877,1066,189,0.215507412
93737,219,305,86,0.392694064
93740,1,3,2,2
93744,1,1,0,0
93745,2,3,1,0.5
93747,3,8,5,1.666666667
93755,4,7,3,0.75
93771,2,2,0,0
93772,,1,1,NaN
93776,,,0,NaN
93790,,1,1,NaN
93791,3,4,1,0.333333333
93792,2,2,0,0
93793,,,0,NaN
93794,2,4,2,1
93901,380,492,112,0.294736842
93902,5,6,1,0.2
93905,336,457,121,0.360119048
93906,623,839,216,0.34670947
93907,467,594,127,0.271948608
93908,573,714,141,0.246073298
93912,9,17,8,0.888888889
93915,5,5,0,0
93920,21,30,9,0.428571429
93921,176,209,33,0.1875
93922,33,43,10,0.303030303
93923,909,1060,151,0.166116612
93924,444,522,78,0.175675676
93925,6,13,7,1.166666667
93926,58,82,24,0.413793103
93927,97,137,40,0.412371134
93928,5,3,-2,-0.4
93930,115,159,44,0.382608696
93932,7,8,1,0.142857143
93933,850,1081,231,0.271764706
93940,1140,1406,266,0.233333333
93942,21,24,3,0.142857143
93943,1,2,1,1
93944,2,6,4,2
93950,647,766,119,0.183925811
93953,384,473,89,0.231770833
93954,1,2,1,1
93955,566,763,197,0.348056537
93960,170,217,47,0.276470588
93962,11,14,3,0.272727273
94002,2646,3272,626,0.236583522
94003,,,0,NaN
94005,340,452,112,0.329411765
94010,4492,5375,883,0.196571683
94011,11,13,2,0.181818182
94012,,,0,NaN
94013,,,0,NaN
94014,1411,1889,478,0.338766832
94015,2189,2910,721,0.329374143
94017,5,5,0,0
94018,208,254,46,0.221153846
94019,932,1101,169,0.181330472
94020,94,105,11,0.117021277
94021,8,8,0,0
94022,3418,3936,518,0.151550614
94023,35,42,7,0.2
94024,3751,4414,663,0.176752866
94025,4551,5409,858,0.188529993
94026,32,27,-5,-0.15625
94027,1205,1376,171,0.141908714
94028,1193,1361,168,0.140821459
94029,,,0,NaN
94030,1680,2077,397,0.236309524
94031,,,0,NaN
94035,3,2,-1,-0.333333333
94037,240,288,48,0.2
94038,172,218,46,0.26744186
94039,7,10,3,0.428571429
94040,3314,4106,792,0.238986119
94041,1367,1707,340,0.248719824
94042,11,11,0,0
94043,3418,6669,3251,0.951141018
94044,1933,2401,468,0.242110709
94059,1,,-1,-1
94060,30,36,6,0.2
94061,2029,2512,483,0.2380483
94062,3068,3665,597,0.194589309
94063,1249,1555,306,0.244995997
94064,6,9,3,0.5
94065,1351,1645,294,0.21761658
94066,1901,2304,403,0.211993688
94067,1,,-1,-1
94070,3312,4047,735,0.22192029
94074,10,11,1,0.1
94080,10906,7874,-3032,-0.278012103
94083,13,17,4,0.307692308
94085,1804,2403,599,0.332039911
94086,3436,4305,869,0.252910361
94087,5102,6304,1202,0.235593885
94088,16,13,-3,-0.1875
94089,1479,1809,330,0.223123732
94090,,,0,NaN
94102,547,674,127,0.232175503
94103,1218,1445,227,0.1863711
94104,203,127,-76,-0.374384236
94105,940,1170,230,0.244680851
94106,,,0,NaN
94107,3408,3490,82,0.024061033
94108,227,254,27,0.118942731
94109,1310,1654,344,0.26259542
94110,2494,2998,504,0.202085004
94111,220,267,47,0.213636364
94112,2634,3321,687,0.260820046
94114,2237,2662,425,0.189986589
94115,1366,1613,247,0.180819912
94116,2278,2773,495,0.217295874
94117,1600,1899,299,0.186875
94118,1753,2131,378,0.215630348
94119,8,8,0,0
94121,1782,2256,474,0.265993266
94122,2447,3024,577,0.235798937
94123,1244,1615,371,0.298231511
94124,1489,1764,275,0.18468771
94125,,1,1,NaN
94126,4,3,-1,-0.25
94127,1629,1981,352,0.216083487
94128,7,10,3,0.428571429
94129,220,255,35,0.159090909
94130,57,65,8,0.140350877
94131,2134,2509,375,0.175726336
94132,1056,1349,293,0.277462121
94133,634,782,148,0.233438486
94134,1335,1682,347,0.259925094
94135,,,0,NaN
94139,,,0,NaN
94140,1,3,2,2
94141,3,4,1,0.333333333
94142,1,1,0,0
94143,,6,6,NaN
94146,1,2,1,1
94147,6,10,4,0.666666667
94151,,1,1,NaN
94155,,,0,NaN
94158,500,627,127,0.254
94159,2,3,1,0.5
94164,,2,2,NaN
94172,1,2,1,1
94177,,,0,NaN
94188,13,17,4,0.307692308
94203,,2,2,NaN
94207,1,,-1,-1
94232,1,1,0,0
94244,9,16,7,0.777777778
94294,,,0,NaN
94295,,1,1,NaN
94296,5,5,0,0
94297,1,3,2,2
94301,2157,2536,379,0.175707
94302,10,18,8,0.8
94303,3074,3731,657,0.213728042
94304,304,410,106,0.348684211
94305,508,638,130,0.255905512
94306,3059,3681,622,0.203334423
94309,10,12,2,0.2
94401,1217,1512,295,0.242399343
94402,2332,2818,486,0.208404803
94403,2896,3528,632,0.218232044
94404,3041,3735,694,0.228214403
94501,3245,3975,730,0.224961479
94502,1210,1441,231,0.190909091
94503,914,1160,246,0.269146608
94505,731,870,139,0.190150479
94506,3015,3689,674,0.223548922
94507,1723,2026,303,0.175856065
94508,100,127,27,0.27
94509,997,1383,386,0.387161484
94510,1366,1609,243,0.177891654
94511,82,91,9,0.109756098
94512,1,2,1,1
94513,3288,4119,831,0.252737226
94514,10,19,9,0.9
94515,235,310,75,0.319148936
94516,16,21,5,0.3125
94517,587,721,134,0.228279387
94518,947,1232,285,0.30095037
94519,525,687,162,0.308571429
94520,740,979,239,0.322972973
94521,1524,1913,389,0.255249344
94522,6,10,4,0.666666667
94523,1713,2210,497,0.290134267
94524,5,8,3,0.6
94525,104,121,17,0.163461538
94526,2735,3280,545,0.199268739
94527,,1,1,NaN
94528,124,148,24,0.193548387
94529,,,0,NaN
94530,1658,2018,360,0.217129071
94531,1680,2302,622,0.370238095
94533,1715,2247,532,0.310204082
94534,2221,2715,494,0.222422332
94535,69,65,-4,-0.057971014
94536,4861,6011,1150,0.236576836
94537,13,11,-2,-0.153846154
94538,8311,10704,2393,0.287931657
94539,7191,8551,1360,0.189125296
94540,13,19,6,0.461538462
94541,1838,2359,521,0.283460283
94542,1143,1343,200,0.174978128
94543,2,3,1,0.5
94544,2947,3631,684,0.232100441
94545,1439,1765,326,0.226546213
94546,2220,2694,474,0.213513514
94547,1523,1876,353,0.231779383
94548,7,13,6,0.857142857
94549,2986,3582,596,0.199598125
94550,2794,3357,563,0.201503221
94551,1858,2248,390,0.209903122
94552,1475,1728,253,0.171525424
94553,1822,2343,521,0.285949506
94555,3240,3857,617,0.190432099
94556,1432,1770,338,0.23603352
94557,,1,1,NaN
94558,2461,2995,534,0.216984965
94559,1004,1260,256,0.25498008
94560,3562,4491,929,0.260808535
94561,1398,1842,444,0.317596567
94562,15,21,6,0.4
94563,2721,3130,409,0.150312385
94564,738,943,205,0.277777778
94565,2170,2869,699,0.322119816
94566,4153,4974,821,0.197688418
94567,19,21,2,0.105263158
94568,7639,9252,1613,0.211153292
94569,4,5,1,0.25
94570,3,5,2,0.666666667
94571,328,409,81,0.24695122
94572,270,324,54,0.2
94573,44,38,-6,-0.136363636
94574,424,494,70,0.16509434
94575,1,2,1,1
94576,4,10,6,1.5
94577,1688,2116,428,0.253554502
94578,972,1259,287,0.29526749
94579,886,1093,207,0.233634312
94580,862,1118,256,0.296983759
94581,12,14,2,0.166666667
94582,6082,7203,1121,0.18431437
94583,3249,3907,658,0.202523853
94585,581,746,165,0.283993115
94586,66,81,15,0.227272727
94587,3866,4739,873,0.225814796
94588,2822,3453,631,0.223600283
94589,499,615,116,0.23246493
94590,651,831,180,0.276497696
94591,1849,2315,466,0.252028123
94592,90,97,7,0.077777778
94595,1105,1314,209,0.189140271
94596,1511,1838,327,0.216412972
94597,1308,1572,264,0.201834862
94598,2037,2487,450,0.220913108
94599,115,129,14,0.12173913
94601,695,920,225,0.323741007
94602,1701,2030,329,0.193415638
94603,345,457,112,0.324637681
94604,11,14,3,0.272727273
94605,1632,2000,368,0.225490196
94606,769,1000,231,0.300390117
94607,898,1063,165,0.183741648
94608,1320,1646,326,0.246969697
94609,829,980,151,0.182147165
94610,1895,2157,262,0.138258575
94611,3978,4620,642,0.161387632
94612,687,853,166,0.241630277
94613,,1,1,NaN
94614,2,4,2,1
94615,,,0,NaN
94617,,,0,NaN
94618,1710,1956,246,0.143859649
94619,1249,1481,232,0.185748599
94620,2,2,0,0
94621,417,466,49,0.117505995
94622,,,0,NaN
94623,6,8,2,0.333333333
94624,,1,1,NaN
94625,,,0,NaN
94626,,1,1,NaN
94661,6,6,0,0
94662,10,14,4,0.4
94701,2,3,1,0.5
94702,896,1111,215,0.239955357
94703,846,1008,162,0.191489362
94704,347,405,58,0.167146974
94705,1242,1457,215,0.17310789
94706,1149,1374,225,0.195822454
94707,1502,1714,212,0.14114514
94708,1366,1587,221,0.161786237
94709,375,425,50,0.133333333
94710,427,522,95,0.222482436
94712,7,8,1,0.142857143
94720,5,5,0,0
94801,562,705,143,0.254448399
94802,,2,2,NaN
94803,1126,1405,279,0.247779751
94804,1298,1584,286,0.220338983
94805,572,698,126,0.22027972
94806,1322,1659,337,0.254916793
94807,6,11,5,0.833333333
94808,,1,1,NaN
94820,6,5,-1,-0.166666667
94901,2295,2901,606,0.264052288
94903,1980,2443,463,0.233838384
94904,1302,1544,242,0.185867896
94912,10,16,6,0.6
94913,16,17,1,0.0625
94914,3,6,3,1
94915,8,12,4,0.5
94920,1598,1909,311,0.194618273
94922,18,21,3,0.166666667
94923,100,120,20,0.2
94924,64,81,17,0.265625
94925,892,1091,199,0.22309417
94927,8,11,3,0.375
94928,1135,1490,355,0.31277533
94929,13,14,1,0.076923077
94930,556,665,109,0.196043165
94931,345,410,65,0.188405797
94933,46,52,6,0.130434783
94937,107,126,19,0.177570093
94938,35,38,3,0.085714286
94939,638,798,160,0.250783699
94940,17,20,3,0.176470588
94941,3232,3912,680,0.21039604
94942,18,21,3,0.166666667
94945,1020,1239,219,0.214705882
94946,72,91,19,0.263888889
94947,1142,1389,247,0.216287215
94948,9,13,4,0.444444444
94949,1097,1324,227,0.206927985
94950,7,10,3,0.428571429
94951,227,257,30,0.13215859
94952,1819,2196,377,0.207256734
94953,13,17,4,0.307692308
94954,1395,1702,307,0.220071685
94955,6,6,0,0
94956,84,97,13,0.154761905
94957,328,391,63,0.192073171
94960,1371,1616,245,0.178701678
94963,50,57,7,0.14
94964,11,16,5,0.454545455
94965,861,1044,183,0.212543554
94966,14,14,0,0
94970,33,47,14,0.424242424
94971,24,24,0,0
94972,9,14,5,0.555555556
94973,116,142,26,0.224137931
94975,10,15,5,0.5
94976,6,9,3,0.5
94977,5,10,5,1
94978,7,9,2,0.285714286
94979,1,4,3,3
94998,,,0,NaN
94999,,1,1,NaN
95001,50,58,8,0.16
95002,89,115,26,0.292134831
95003,1380,1666,286,0.207246377
95004,154,173,19,0.123376623
95005,240,279,39,0.1625
95006,375,413,38,0.101333333
95007,20,22,2,0.1
95008,3365,4115,750,0.222882615
95009,5,7,2,0.4
95010,337,404,67,0.198813056
95011,9,12,3,0.333333333
95012,92,130,38,0.413043478
95013,3,3,0,0
95014,6597,7981,1384,0.20979233
95015,28,36,8,0.285714286
95017,25,27,2,0.08
95018,311,377,66,0.21221865
95019,50,69,19,0.38
95020,3042,3636,594,0.195266272
95021,9,13,4,0.444444444
95023,1603,2040,437,0.272613849
95024,11,12,1,0.090909091
95030,1948,2206,258,0.132443532
95031,28,37,9,0.321428571
95032,3261,3861,600,0.18399264
95033,987,1127,140,0.141843972
95035,6349,7826,1477,0.232635061
95036,12,17,5,0.416666667
95037,3961,4755,794,0.200454431
95038,18,16,-2,-0.111111111
95039,25,29,4,0.16
95041,25,26,1,0.04
95042,3,3,0,0
95043,10,11,1,0.1
95044,3,7,4,1.333333333
95045,217,241,24,0.110599078
95046,285,335,50,0.175438596
95050,2086,2664,578,0.277085331
95051,4560,5800,1240,0.271929825
95052,10,11,1,0.1
95053,,3,3,NaN
95054,2254,2777,523,0.232031943
95055,13,17,4,0.307692308
95056,5,7,2,0.4
95060,2152,2604,452,0.210037175
95061,8,11,3,0.375
95062,1357,1607,250,0.184229919
95063,28,28,0,0
95064,56,63,7,0.125
95065,469,534,65,0.138592751
95066,982,1172,190,0.193482688
95067,10,12,2,0.2
95070,4923,5832,909,0.18464351
95071,7,4,-3,-0.428571429
95073,503,626,123,0.244532803
95075,18,20,2,0.111111111
95076,1298,1646,348,0.268104777
95077,7,8,1,0.142857143
95102,,,0,NaN
95103,3,2,-1,-0.333333333
95106,1,1,0,0
95108,2,1,-1,-0.5
95109,5,8,3,0.6
95110,788,988,200,0.253807107
95111,1988,2467,479,0.240945674
95112,2070,2536,466,0.225120773
95113,210,280,70,0.333333333
95116,944,1235,291,0.308262712
95117,1270,1637,367,0.288976378
95118,2084,2557,473,0.22696737
95119,884,1061,177,0.200226244
95120,4864,5646,782,0.160773026
95121,1988,2456,468,0.235412475
95122,1261,1575,314,0.249008723
95123,3728,4585,857,0.229881974
95124,4082,4950,868,0.212640862
95125,4133,4862,729,0.176385192
95126,1955,2407,452,0.231202046
95127,1978,2480,502,0.253791709
95128,1759,2266,507,0.28823195
95129,3314,4070,756,0.228123114
95130,982,1205,223,0.227087576
95131,2262,2726,464,0.205128205
95132,2490,3075,585,0.234939759
95133,1681,2050,369,0.219512195
95134,2300,3009,709,0.30826087
95135,2475,2930,455,0.183838384
95136,2709,3343,634,0.234034699
95137,,,0,NaN
95138,2451,2878,427,0.174214606
95139,486,558,72,0.148148148
95140,29,38,9,0.310344828
95141,3,5,2,0.666666667
95148,3076,3715,639,0.207737321
95150,6,12,6,1
95151,10,15,5,0.5
95152,10,13,3,0.3
95153,14,17,3,0.214285714
95154,8,12,4,0.5
95155,5,7,2,0.4
95156,2,4,2,1
95157,10,12,2,0.2
95158,8,10,2,0.25
95159,7,4,-3,-0.428571429
95160,7,12,5,0.714285714
95161,28,37,9,0.321428571
95164,5,9,4,0.8
95170,3,6,3,1
95172,,1,1,NaN
95173,9,15,6,0.666666667
95190,,1,1,NaN
95201,3,6,3,1
95202,112,137,25,0.223214286
95203,114,159,45,0.394736842
95204,312,450,138,0.442307692
95205,225,327,102,0.453333333
95206,735,1021,286,0.389115646
95207,516,659,143,0.277131783
95208,8,11,3,0.375
95209,831,1111,280,0.336943442
95210,353,500,147,0.416430595
95211,4,5,1,0.25
95212,746,975,229,0.306970509
95213,11,12,1,0.090909091
95215,198,261,63,0.318181818
95219,979,1262,283,0.28907048
95220,121,159,38,0.314049587
95221,4,4,0,0
95222,75,107,32,0.426666667
95223,88,93,5,0.056818182
95224,6,7,1,0.166666667
95225,4,8,4,1
95226,,1,1,NaN
95227,13,17,4,0.307692308
95228,113,152,39,0.345132743
95229,,1,1,NaN
95230,10,13,3,0.3
95231,28,39,11,0.392857143
95232,,1,1,NaN
95233,1,2,1,1
95234,,1,1,NaN
95236,67,81,14,0.208955224
95237,35,43,8,0.228571429
95240,554,765,211,0.380866426
95241,11,20,9,0.818181818
95242,655,857,202,0.308396947
95245,23,29,6,0.260869565
95246,18,23,5,0.277777778
95247,98,128,30,0.306122449
95248,4,4,0,0
95249,32,43,11,0.34375
95251,4,5,1,0.25
95252,192,231,39,0.203125
95253,3,6,3,1
95254,18,21,3,0.166666667
95255,8,10,2,0.25
95257,4,7,3,0.75
95258,82,95,13,0.158536585
95267,4,8,4,1
95269,9,10,1,0.111111111
95301,462,583,121,0.261904762
95303,11,15,4,0.363636364
95304,556,699,143,0.257194245
95305,1,2,1,1
95306,13,19,6,0.461538462
95307,473,646,173,0.365750529
95309,2,3,1,0.5
95310,35,38,3,0.085714286
95311,13,18,5,0.384615385
95313,10,16,6,0.6
95315,105,148,43,0.40952381
95316,112,136,24,0.214285714
95317,8,7,-1,-0.125
95318,10,12,2,0.2
95319,3,8,5,1.666666667
95320,150,183,33,0.22
95321,104,119,15,0.144230769
95322,92,111,19,0.206521739
95323,16,17,1,0.0625
95324,64,96,32,0.5
95325,,1,1,NaN
95326,154,225,71,0.461038961
95327,55,68,13,0.236363636
95328,51,70,19,0.37254902
95329,30,35,5,0.166666667
95330,1885,2616,731,0.387798408
95333,10,17,7,0.7
95334,195,264,69,0.353846154
95335,7,8,1,0.142857143
95336,730,962,232,0.317808219
95337,1681,2311,630,0.374776919
95338,134,166,32,0.23880597
95340,499,633,134,0.268537074
95341,203,271,68,0.334975369
95343,5,9,4,0.8
95344,3,8,5,1.666666667
95345,6,9,3,0.5
95346,19,21,2,0.105263158
95347,1,1,0,0
95348,379,516,137,0.361477573
95350,580,763,183,0.315517241
95351,270,400,130,0.481481481
95352,11,15,4,0.363636364
95353,3,4,1,0.333333333
95354,269,335,66,0.24535316
95355,1036,1304,268,0.258687259
95356,879,1138,259,0.294653015
95357,156,206,50,0.320512821
95358,221,323,102,0.461538462
95360,156,200,44,0.282051282
95361,454,589,135,0.297356828
95363,686,891,205,0.298833819
95364,5,5,0,0
95365,21,31,10,0.476190476
95366,417,532,115,0.275779376
95367,341,446,105,0.307917889
95368,190,260,70,0.368421053
95369,6,10,4,0.666666667
95370,321,406,85,0.264797508
95372,35,41,6,0.171428571
95373,,2,2,NaN
95374,14,16,2,0.142857143
95375,,3,3,NaN
95376,1240,1545,305,0.245967742
95377,2564,3267,703,0.274180967
95378,14,21,7,0.5
95379,33,40,7,0.212121212
95380,477,654,177,0.371069182
95381,10,19,9,0.9
95382,799,1042,243,0.304130163
95383,65,79,14,0.215384615
95385,,2,2,NaN
95386,101,129,28,0.277227723
95387,7,9,2,0.285714286
95388,72,109,37,0.513888889
95389,13,23,10,0.769230769
95391,3046,3717,671,0.220288903
95401,873,1078,205,0.234822451
95402,31,41,10,0.322580645
95403,1504,1885,381,0.253324468
95404,1865,2266,401,0.215013405
95405,918,1105,187,0.203703704
95406,7,13,6,0.857142857
95407,742,930,188,0.253369272
95408,,,0,NaN
95409,1227,1517,290,0.236348818
95410,38,44,6,0.157894737
95412,6,10,4,0.666666667
95415,23,34,11,0.47826087
95416,10,10,0,0
95417,,,0,NaN
95418,3,3,0,0
95419,16,14,-2,-0.125
95420,20,27,7,0.35
95421,52,59,7,0.134615385
95422,84,116,32,0.380952381
95423,39,50,11,0.282051282
95424,3,3,0,0
95425,302,352,50,0.165562914
95426,31,47,16,0.516129032
95427,12,12,0,0
95428,10,12,2,0.2
95429,1,2,1,1
95430,5,4,-1,-0.2
95431,2,2,0,0
95432,15,16,1,0.066666667
95433,8,9,1,0.125
95435,1,1,0,0
95436,226,272,46,0.203539823
95437,257,318,61,0.237354086
95439,12,14,2,0.166666667
95441,89,101,12,0.134831461
95442,175,216,41,0.234285714
95443,3,3,0,0
95444,65,72,7,0.107692308
95445,122,141,19,0.155737705
95446,162,215,53,0.327160494
95448,924,1130,206,0.222943723
95449,33,36,3,0.090909091
95450,26,26,0,0
95451,125,176,51,0.408
95452,105,116,11,0.104761905
95453,142,178,36,0.253521127
95454,17,28,11,0.647058824
95456,42,39,-3,-0.071428571
95457,43,50,7,0.162790698
95458,22,28,6,0.272727273
95459,25,26,1,0.04
95460,126,147,21,0.166666667
95461,65,71,6,0.092307692
95462,49,56,7,0.142857143
95463,6,8,2,0.333333333
95464,20,27,7,0.35
95465,120,141,21,0.175
95466,26,35,9,0.346153846
95467,164,196,32,0.195121951
95468,50,57,7,0.14
95469,17,22,5,0.294117647
95470,95,126,31,0.326315789
95471,3,6,3,1
95472,1779,2097,318,0.178752108
95473,24,26,2,0.083333333
95476,1538,1820,282,0.183355007
95480,6,5,-1,-0.166666667
95481,5,5,0,0
95482,494,626,132,0.267206478
95485,14,16,2,0.142857143
95486,5,5,0,0
95487,9,10,1,0.111111111
95488,5,6,1,0.2
95490,171,206,35,0.204678363
95492,948,1215,267,0.28164557
95493,2,4,2,1
95494,7,9,2,0.285714286
95497,58,73,15,0.25862069
95501,317,375,58,0.1829653
95502,20,31,11,0.55
95503,434,523,89,0.205069124
95514,,,0,NaN
95518,19,24,5,0.263157895
95519,481,561,80,0.166320166
95521,437,500,63,0.14416476
95524,107,124,17,0.158878505
95525,48,54,6,0.125
95526,3,2,-1,-0.333333333
95527,1,4,3,3
95528,15,16,1,0.066666667
95531,144,183,39,0.270833333
95534,1,,-1,-1
95536,44,44,0,0
95537,4,4,0,0
95538,,1,1,NaN
95540,188,222,34,0.180851064
95542,22,29,7,0.318181818
95543,13,14,1,0.076923077
95545,3,3,0,0
95546,8,10,2,0.25
95547,19,22,3,0.157894737
95548,7,9,2,0.285714286
95549,35,42,7,0.2
95550,,3,3,NaN
95551,18,24,6,0.333333333
95552,,2,2,NaN
95553,6,5,-1,-0.166666667
95554,1,2,1,1
95555,3,5,2,0.666666667
95556,5,3,-2,-0.4
95558,6,6,0,0
95559,2,2,0,0
95560,18,27,9,0.5
95562,32,32,0,0
95563,3,5,2,0.666666667
95564,11,12,1,0.090909091
95565,9,8,-1,-0.111111111
95567,14,19,5,0.357142857
95568,,,0,NaN
95569,1,2,1,1
95570,141,147,6,0.042553191
95571,7,6,-1,-0.142857143
95573,24,30,6,0.25
95585,1,3,2,2
95587,3,2,-1,-0.333333333
95589,17,19,2,0.117647059
95595,1,,-1,-1
95601,14,19,5,0.357142857
95602,499,590,91,0.182364729
95603,770,945,175,0.227272727
95604,15,28,13,0.866666667
95605,285,415,130,0.456140351
95606,8,10,2,0.25
95607,8,9,1,0.125
95608,1598,2171,573,0.358573217
95609,4,9,5,1.25
95610,739,1034,295,0.399188092
95611,5,7,2,0.4
95612,27,35,8,0.296296296
95613,15,16,1,0.066666667
95614,93,118,25,0.268817204
95615,9,11,2,0.222222222
95616,1877,2306,429,0.228556207
95617,20,22,2,0.1
95618,1539,1833,294,0.191033138
95619,44,62,18,0.409090909
95620,547,736,189,0.345521024
95621,535,795,260,0.485981308
95623,77,97,20,0.25974026
95624,2392,3072,680,0.284280936
95625,,3,3,NaN
95626,110,150,40,0.363636364
95627,29,42,13,0.448275862
95628,1401,1780,379,0.270521056
95629,24,24,0,0
95630,4649,6075,1426,0.306732631
95631,77,110,33,0.428571429
95632,502,666,164,0.326693227
95633,48,50,2,0.041666667
95634,25,35,10,0.4
95635,13,18,5,0.384615385
95636,6,7,1,0.166666667
95637,8,13,5,0.625
95638,38,57,19,0.5
95639,7,11,4,0.571428571
95640,117,154,37,0.316239316
95641,23,29,6,0.260869565
95642,86,112,26,0.302325581
95645,11,16,5,0.454545455
95646,7,8,1,0.142857143
95648,2133,2824,691,0.323956868
95650,625,773,148,0.2368
95651,22,26,4,0.181818182
95652,160,230,70,0.4375
95655,157,194,37,0.23566879
95656,14,11,-3,-0.214285714
95658,240,325,85,0.354166667
95659,6,7,1,0.166666667
95660,360,472,112,0.311111111
95661,1248,1596,348,0.278846154
95662,648,856,208,0.320987654
95663,128,153,25,0.1953125
95664,41,52,11,0.268292683
95665,48,56,8,0.166666667
95666,62,78,16,0.258064516
95667,684,831,147,0.214912281
95668,9,17,8,0.888888889
95669,48,62,14,0.291666667
95670,1436,1915,479,0.33356546
95671,,1,1,NaN
95672,146,180,34,0.232876712
95673,218,298,80,0.366972477
95674,8,10,2,0.25
95675,1,3,2,2
95676,1,2,1,1
95677,1137,1418,281,0.247141601
95678,1131,1468,337,0.297966401
95679,4,3,-1,-0.25
95680,2,3,1,0.5
95681,14,14,0,0
95682,855,1062,207,0.242105263
95683,281,354,73,0.259786477
95684,53,62,9,0.169811321
95685,105,136,31,0.295238095
95686,14,13,-1,-0.071428571
95687,1544,1941,397,0.257124352
95688,1126,1373,247,0.219360568
95689,20,26,6,0.3
95690,48,55,7,0.145833333
95691,1281,1662,381,0.297423888
95692,50,81,31,0.62
95693,230,291,61,0.265217391
95694,238,308,70,0.294117647
95695,540,698,158,0.292592593
95696,14,10,-4,-0.285714286
95697,3,2,-1,-0.333333333
95698,5,5,0,0
95699,2,3,1,0.5
95701,12,19,7,0.583333333
95703,38,43,5,0.131578947
95709,89,109,20,0.224719101
95712,7,8,1,0.142857143
95713,167,196,29,0.173652695
95714,3,4,1,0.333333333
95715,3,2,-1,-0.333333333
95717,1,2,1,1
95720,3,2,-1,-0.333333333
95722,204,243,39,0.191176471
95724,7,4,-3,-0.428571429
95726,107,120,13,0.121495327
95728,21,28,7,0.333333333
95735,4,4,0,0
95736,13,21,8,0.615384615
95741,6,18,12,2
95742,1253,1813,560,0.446927374
95743,,,0,NaN
95746,1640,1940,300,0.182926829
95747,4197,6085,1888,0.449845127
95757,3118,4170,1052,0.337395767
95758,2106,2720,614,0.291547958
95759,7,7,0,0
95762,3524,4314,790,0.224177072
95763,13,23,10,0.769230769
95765,2163,2774,611,0.28247804
95776,820,1069,249,0.303658537
95798,4,3,-1,-0.25
95811,390,488,98,0.251282051
95812,23,29,6,0.260869565
95813,2,2,0,0
95814,543,664,121,0.222836096
95815,231,339,108,0.467532468
95816,1371,1997,626,0.456601021
95817,340,412,72,0.211764706
95818,1178,1480,302,0.256366723
95819,977,1163,186,0.19037871
95820,499,626,127,0.254509018
95821,646,898,252,0.390092879
95822,928,1173,245,0.264008621
95823,753,1078,325,0.431606906
95824,236,343,107,0.453389831
95825,620,803,183,0.29516129
95826,643,879,236,0.367029549
95827,443,637,194,0.437923251
95828,1011,1567,556,0.549950544
95829,1444,1916,472,0.326869806
95830,33,40,7,0.212121212
95831,1509,1840,331,0.219350563
95832,120,184,64,0.533333333
95833,776,1104,328,0.422680412
95834,1952,2488,536,0.274590164
95835,1951,2625,674,0.345463865
95836,1,,-1,-1
95837,21,24,3,0.142857143
95838,400,552,152,0.38
95841,316,474,158,0.5
95842,455,629,174,0.382417582
95843,1207,1655,448,0.371168186
95851,2,4,2,1
95852,7,8,1,0.142857143
95853,1,,-1,-1
95860,4,4,0,0
95864,1180,1488,308,0.261016949
95865,8,10,2,0.25
95866,5,6,1,0.2
95867,,,0,NaN
95899,7,15,8,1.142857143
95901,301,392,91,0.302325581
95903,25,29,4,0.16
95910,1,1,0,0
95912,44,49,5,0.113636364
95913,2,2,0,0
95914,8,8,0,0
95916,4,4,0,0
95917,25,29,4,0.16
95918,29,44,15,0.517241379
95919,7,7,0,0
95920,3,4,1,0.333333333
95922,3,5,2,0.666666667
95924,3,4,1,0.333333333
95925,2,2,0,0
95926,458,574,116,0.253275109
95927,15,20,5,0.333333333
95928,610,727,117,0.191803279
95930,,1,1,NaN
95932,39,47,8,0.205128205
95934,3,3,0,0
95935,6,7,1,0.166666667
95936,1,4,3,3
95937,10,11,1,0.1
95938,59,77,18,0.305084746
95939,,,0,NaN
95940,1,,-1,-1
95941,4,6,2,0.5
95942,33,33,0,0
95943,5,5,0,0
95945,394,478,84,0.21319797
95946,225,294,69,0.306666667
95947,5,7,2,0.4
95948,58,83,25,0.431034483
95949,378,473,95,0.251322751
95950,3,3,0,0
95951,14,22,8,0.571428571
95953,102,136,34,0.333333333
95954,40,57,17,0.425
95955,3,8,5,1.666666667
95956,1,3,2,2
95957,7,7,0,0
95959,517,649,132,0.255319149
95960,15,18,3,0.2
95961,489,717,228,0.466257669
95962,21,27,6,0.285714286
95963,94,110,16,0.170212766
95965,116,159,43,0.370689655
95966,191,233,42,0.219895288
95967,3,4,1,0.333333333
95968,3,6,3,1
95969,111,162,51,0.459459459
95970,3,3,0,0
95971,44,52,8,0.181818182
95972,1,1,0,0
95973,614,766,152,0.247557003
95974,1,2,1,1
95975,39,53,14,0.358974359
95977,23,32,9,0.391304348
95978,1,1,0,0
95979,3,3,0,0
95982,24,27,3,0.125
95983,7,7,0,0
95986,,,0,NaN
95987,28,37,9,0.321428571
95988,55,65,10,0.181818182
95991,376,503,127,0.337765957
95992,15,23,8,0.533333333
95993,603,759,156,0.258706468
96001,543,678,135,0.248618785
96002,388,473,85,0.219072165
96003,503,630,127,0.252485089
96006,2,2,0,0
96007,126,157,31,0.246031746
96008,19,17,-2,-0.105263158
96010,,1,1,NaN
96011,1,1,0,0
96013,12,15,3,0.25
96014,1,1,0,0
96015,4,5,1,0.25
96017,3,3,0,0
96019,79,94,15,0.189873418
96020,13,11,-2,-0.153846154
96021,93,106,13,0.139784946
96022,140,173,33,0.235714286
96023,,1,1,NaN
96024,13,15,2,0.153846154
96025,11,13,2,0.181818182
96027,5,8,3,0.6
96028,9,8,-1,-0.111111111
96029,1,1,0,0
96031,1,1,0,0
96032,14,16,2,0.142857143
96033,1,1,0,0
96034,1,3,2,2
96035,13,20,7,0.538461538
96037,2,3,1,0.5
96038,2,2,0,0
96039,2,2,0,0
96040,2,3,1,0.5
96041,9,10,1,0.111111111
96044,4,6,2,0.5
96046,1,3,2,2
96047,9,11,2,0.222222222
96048,4,8,4,1
96049,8,11,3,0.375
96050,3,3,0,0
96051,13,19,6,0.461538462
96052,17,18,1,0.058823529
96054,,,0,NaN
96055,26,29,3,0.115384615
96056,7,8,1,0.142857143
96057,11,12,1,0.090909091
96058,,3,3,NaN
96059,1,4,3,3
96061,,1,1,NaN
96062,15,18,3,0.2
96063,1,1,0,0
96064,16,25,9,0.5625
96065,2,2,0,0
96067,132,158,26,0.196969697
96068,,,0,NaN
96069,14,17,3,0.214285714
96073,80,101,21,0.2625
96074,,,0,NaN
96075,2,3,1,0.5
96076,,,0,NaN
96078,1,1,0,0
96080,197,252,55,0.279187817
96084,3,8,5,1.666666667
96085,1,1,0,0
96086,,,0,NaN
96087,9,8,-1,-0.111111111
96088,31,41,10,0.322580645
96089,2,2,0,0
96090,2,3,1,0.5
96091,2,3,1,0.5
96092,2,3,1,0.5
96093,35,44,9,0.257142857
96094,57,74,17,0.298245614
96096,11,8,-3,-0.272727273
96097,37,48,11,0.297297297
96099,10,14,4,0.4
96101,5,14,9,1.8
96103,9,12,3,0.333333333
96104,1,2,1,1
96105,1,2,1,1
96106,6,7,1,0.166666667
96107,6,4,-2,-0.333333333
96108,1,2,1,1
96109,2,,-2,-1
96111,1,,-1,-1
96112,,1,1,NaN
96113,,1,1,NaN
96114,8,11,3,0.375
96117,1,2,1,1
96118,8,8,0,0
96119,,1,1,NaN
96120,20,27,7,0.35
96121,,,0,NaN
96122,24,29,5,0.208333333
96124,2,2,0,0
96125,4,7,3,0.75
96126,3,3,0,0
96127,1,1,0,0
96128,2,2,0,0
96129,2,3,1,0.5
96130,34,39,5,0.147058824
96133,2,2,0,0
96134,3,4,1,0.333333333
96136,,,0,NaN
96137,18,22,4,0.222222222
96140,38,51,13,0.342105263
96141,14,16,2,0.142857143
96142,16,17,1,0.0625
96143,28,42,14,0.5
96145,112,133,21,0.1875
96146,46,62,16,0.347826087
96148,20,32,12,0.6
96150,308,425,117,0.37987013
96151,11,17,6,0.545454545
96155,7,6,-1,-0.142857143
96158,16,21,5,0.3125
96160,22,37,15,0.681818182
96161,746,944,198,0.26541555
96162,14,21,7,0.5